{"title": "Here\u00b4s What Disinfectants and UV Light Really Do to Your Body", "url": "https://www.wired.com/story/heres-what-disinfectants-and-uv-light-really-do-to-your-body/ ", "content": "Any remaining viruses would simply multiply, leaving the person still trying to fight off a Covid-19 infection\u2014but now with potential cellular damage from the UV light. Brenner has been studying far-UVC, a wavelength that can kill viruses but can\u2019t penetrate beyond the top layer of human skin, which is made up of dead cells.", "color": "group2-green.jpg", "warning": "Based on the content, title and language on this page, it can be assumed that this page is credible!"}