{"title": "No, don\u2019t inject disinfectant: Outcry over Trump\u2019s musing ", "url": " https://www.walb.com/2020/04/24/bright-light-disinfectant-body-not-recommended-tactics-fight-coronavirus-expert-says/ ", "content": "But it sounds interesting to me,\u201d he added. Doctors warn high-intensity UV lamps and sun exposure will not protect you from the coronavirus.", "color": "group2-green.jpg", "warning": "Based on the content, title, language and advertisements on this page, it can be assumed that this page is credible!"}