{"title": "If sunlight kills coronavirus, why not try UV lamps? - Local News 8", "url": " https://localnews8.com/health/2020/04/26/if-sunlight-kills-coronavirus-why-not-try-uv-lamps/", "content": "UV lamps should not be used to sterilize hands or other areas of skin as UV radiation can cause skin irritation,\u201d WHO says. \u201cYou can catch COVID-19, no matter how sunny or hot the weather is. ", "color": "group2-green.jpg", "warning": "Based on the content, title, language and advertisements on this page, it can be assumed that this page is credible!"}