{"title": "Fact check: Sunlight does not kill the new coronavirus", "url": " https://oklahoman.com/article/5658988/fact-check-sunlight-does-not-kill-the-new-coronavirus?", "content": "Ultraviolet is able to kill COVID-19 if it is exposed to the concentrated UV ray in a certain amount of time and distance,\u201d she said to AFP Fact Check. \u201cHowever, that level of UV exposure is harmful to human\u2019s skin.", "color": "group2-green.jpg", "warning": "Based on the content, title and language on this page, it can be assumed that this page is credible!"}