{"title": "People are buying Everclear vodka to make homemade sanitizer. | 101.1 The Wiz", "url": " https://wiznation.com/2677832/people-are-buying-everclear-vodka-to-make-homemade-sanitizer/", "content": "Getty With concerts and festivals around the country being cancelled or rescheduled because of fear of the Coronavirus spreading, some Americans are taking matters into their own hands. According to sources people are making homemade sanitizer and Everclear vodka is one of the main ingredients.", "color": "group2-yellow.jpg", "warning": ""}