{"title": "Can't find Purell or other hand sanitizers? Here's how to make it at home with vodka or rubbing alcohol", "url": " http://oklahoman.com/article/5656591/cant-find-purell-or-other-hand-sanitizers-heres-how-to-make-it-at-home-with-vodka-or-rubbing-alcohol?custom_click=rss&utm_source=feedburner&utm_medium=feed&utm_campaign=Feed%3A+Newsok%2FNews+%28NewsOK.com+RSS+-+news%29 ", "content": "Here's how to make it at home with vodka or rubbing alcohol. If you're not prepared to fork over big bucks for a small bottle of hand sanitizer, there's another option beyond good old-fashioned handwashing with soap and water. Along with face masks and sanitizing wipes, alcohol-based sanitizing gel has been one of the most in-demand items as coronavirus fears have sparked panic buying that has left store shelves bare.", "color": "group2-red.jpg", "warning": "Based on the content, title and advertisements on this page, there is a risk that this page is not credible!"}