{"title": "Don\u2019t use vodka to sanitise hands \u2013 it probably won\u2019t protect you from coronavirus and could damage your skin \u2013 The Scottish Sun", "url": " https://www.thescottishsun.co.uk/news/5357400/dont-use-vodka-to-sanitise-hands-it-probably-wont-protect-you-from-coronavirus-and-could-damage-your-skin/ ", "content": "However, experts have warned against making your own DIY hand sanitisers. That's because the actual percentage of alcohol might not be enough to kill off viruses, including Covid-19. ", "color": "group2-green.jpg", "warning": "Based on the content, title, language and advertisements on this page, it can be assumed that this page is credible!"}