{"title": "Will The Listed Sanitiser Stocks Clean Up - Or Clean Out - Investors? \u2013 ShareCafe", "url": " https://www.sharecafe.com.au/2020/04/23/will-the-listed-sanitiser-stocks-clean-up-or-clean-out-investors/ ", "content": "The compact is with Holista Colltech ( ( HCT) ) , which will provide the plant-based active ingredient called Path-Away Invisi Shield\u2019s other COVID-19 busting ingredients include olive leaf, echinacea, manuka honey, Kakadu plum, papaya and thyme. Invisi Shield\u2019s plant based formulation does not require TGA approval, while Path-Away is 99.", "color": "group2-yellow.jpg", "warning": ""}