{"title": "Boost your Immune System with 5 of Nature\u2019s Best Medicines \u2013 The Yucatan Times", "url": " https://www.theyucatantimes.com/2020/04/boost-your-immune-system-with-5-of-natures-best-medicines/", "content": "Echinacea is known to boost production of the protein interferon ( which helps to kill viruses) and of infection-fighting white blood cells. It contains alkylamides, thought to prevent bacteria penetrating the skin.", "color": "group2-red.jpg", "warning": "Based on the content, title and advertisements on this page, there is a risk that this page is not credible!"}