{"title": "Be careful, says Health Canada. Donald Trump isn\u2019t the only one promoting COVID-19 \u2018cures\u2019", "url": " https://www.flamboroughreview.com/news-story/9963803-be-careful-says-health-canada-donald-trump-isn-t-the-only-one-promoting-covid-19-cures-/ ", "content": "Everything from echinacea and oregano oil, vitamins and other so-called natural remedies to \u201cboost the immune system \u201cduring the threat of COVID-19,\u201d to \u201cozone lamp bulbs\u201d to ultraviolet disinfecting lamps, washable reusable dust masks, bottle sprayers and power washers billed as \u201cCOVID-19 virus prevention\u201d able to \u201cdispense alcohol for disinfection COVID-19 Virus Prevention. \u201d There were residential air purifiers listed on Kijiji with the claim \u201cSave yourself and family from coronavirus!", "color": "group2-green.jpg", "warning": "Based on the content, title and language on this page, it can be assumed that this page is credible!"}