{"title": "Immune System Boosters To Prevent Getting The Coronavirus | 97.9 The Beat", "url": " https://thebeatdfw.com/playlist/immune-system-boosters-to-prevent-getting-the-coronavirus/", "content": "The list has an array of natural remedies to keep you up and active. This list isn\u2019t just to use for fighting the COVID-19, you should consider implementing some of these products in your day to day permanently!", "color": "group2-red.jpg", "warning": "Based on the content, title, language and advertisements on this page, there is a risk that this page is not credible!"}