{"title": "Increased indoor humidity may decrease #Coronavirus #COVID-19 transmission \u2013 Watts Up With That?", "url": " https://wattsupwiththat.com/2020/03/28/increased-indoor-humidity-may-decrease-coronavirus-covid-19-transmission/ ", "content": "There is no data to suggest that adjusting the temperature or humidity of a building would be an effective way to reduce transmission of COVID-19. The Health Department does not recommend that buildings increase humidity levels to control COVID-19 transmission.", "color": "group2-red.jpg", "warning": "Based on the content, title, language and advertisements on this page, there is a risk that this page is not credible!"}