{"title": "Myth Busters: 19 Wrong Beliefs About The Novel Coronavirus \u2013 Channels Television", "url": " https://www.channelstv.com/2020/04/30/myth-busters-19-wrong-beliefs-about-the-novel-coronavirus/", "content": "Exposing yourself to the sun or to temperatures higher than 25C degrees DOES NOT prevent the coronavirus disease ( COVID-19) You can catch COVID-19, no matter how sunny or hot the weather is. Countries with hot weather have reported cases of COVID-19.", "color": "group2-green.jpg", "warning": "Based on the content, title and language on this page, it can be assumed that this page is credible!"}