{"title": "Covid-19: government guidelines on air conditioning, refrigerators and fans \u2014 TruthDive ", "url": " https://truthdive.com/2020/04/25/covid-19-government-guidelines-on-air-conditioning-refrigerators-and-fans/ ", "content": "The study of Covid-19 virus transmission in 100 cities in China indicates that high temperature and high humidity significantly reduce influenza transmission. Low temperatures ( 7\u20138 \u00b0 C) have been found to be optimal for influenza survival in the air.", "color": "group2-red.jpg", "warning": "Based on the content, title, language and advertisements on this page, there is a risk that this page is not credible!"}