{"title": "Scientists warn that Trump is wrong: Warm weather won\u2019t kill coronavirus \u2013 BGR", "url": " https://bgr.com/2020/04/09/coronavirus-usa-warmer-weather-wont-reduce-covid-19-transmission/", "content": "President Trump said in the past that warmer weather will make the virus disappear \u201cmiraculously,\u201d starting in April. COVID-19 caseloads in countries with warmer climates, as well as coronavirus cases from warm US states like California and Florida, prove the virus can be very infectious regardless of the weather.", "color": "group2-green.jpg", "warning": "Based on the content, title and language on this page, it can be assumed that this page is credible!"}