{"title": "Inaccurate info on social media, don't stop your pills: Scientists | CanIndia News ", "url": "https://www.canindia.com/inaccurate-info-on-social-media-dont-stop-your-pills-scientists/ ", "content": "While there is no credible evidence that ARBs increase COVID-19 risk, the researchers noted that there are clear dangers for patients who stop taking their medications. Widespread discontinuation of ARBs and ACE inhibitors could cause destabilisation of blood pressure control and decompensation of heart failure patients, leading to sharp increases in heart attacks and strokes and a worsening of kidney failure.", "color": "group2-yellow.jpg", "warning": ""}