{"title": "Heart and Kidney Patients Should Continue Thier Meds: COVID-19 Alert", "url": " https://www.medindia.net/news/heart-and-kidney-patients-should-continue-their-meds-covid-19-alert-194016-1.htm ", "content": "However, the evidence that ARBs may increase COVID-19 risk is inconsistent, at best. Though some studies have shown ARBs increase ACE 2 activity in animal models, it must be emphasized that the results have been inconsistent.", "color": "group2-green.jpg", "warning": "Based on the content, title and advertisements on this page, it can be assumed that this page is credible!"}