{"title": "Doctor offers coronavirus protection advice", "url": "https://www.fox10phoenix.com/news/doctor-offers-coronavirus-protection-advice", "content": "A recent study from China demonstrated through indirect measures that ACE-2 function declines with severity of COVID-19 pneumonia. For people already taking blood pressure medication, the inclusion of an ARB may improve the response to COVID-19 infection.", "color": "group2-green.jpg", "warning": "Based on the content, title, language and advertisements on this page, it can be assumed that this page is credible!"}