{"title": "What does COVID-19 mean for kidneys? - The Hindu", "url": " https://www.thehindu.com/news/cities/chennai/what-does-covid-19-mean-for-kidneys/article31094365.ece/amp/ ", "content": "The reason for this was the direct involvement of the kidneys with the virus and also the inflammatory toxins ( cytokines) released in sick patients. One interesting finding was that among the patients who were taking certain BP drugs like ARB and ACE inhibitors, the death rate was higher.", "color": "group2-red.jpg", "warning": "Based on the content, language and advertisements on this page, there is a risk that this page is not credible!"}