{"title": "Handling the economic damage", "url": " http://johnredwoodsdiary.com/2020/03/24/handling-the-economic-damage/?utm_source=feedburner&utm_medium=feed&utm_campaign=Feed%3A+JohnRedwoodsDiary+%28John+Redwood%27s+Diary%29 ", "content": "These data suggest that ACE2 expression is increased in diabetes and treatment with ACE inhibitors and ARBs increases ACE2 expression. Consequently, the increased expression of ACE2 would facilitate infection with COVID-19.", "color": "group2-yellow.jpg", "warning": ""}