{"title": "Coronavirus: Blood pressure medication 'could worsen symptoms' | Daily Mail Online ", "url": " https://www.dailymail.co.uk/news/article-8108735/Medicines-high-blood-pressure-diabetes-worsen-coronavirus-symptoms.html? ", "content": "Researchers led by Dr Michael Roth, from the University of Basel, wrote: 'These data suggest that ACE2 expression is increased in diabetes and treatment withACE inhibitors and ARBs increases ACE2 expression. 'Consequently, the increased expression of ACE2 would facilitate infection with COVID-19.", "color": "group2-yellow.jpg", "warning": ""}