{"title": "COVID-19: Plasma Therapy likely to begin from April 25 in Karnataka | Deccan Herald ", "url": " https://www.deccanherald.com/state/top-karnataka-stories/covid-19-plasma-therapy-likely-to-begin-from-april-25-in-karnataka-829398.html ", "content": "Speaking to reporters here, he said the convalescent Plasma Therapy was only for patients who are critical, in Intensive Care Units or on ventilator. According to the latest update, five COVID-19 patients are in ICUs in the state.", "color": "group2-red.jpg", "warning": "Based on the title, language and advertisements on this page, there is a risk that this page is not credible!"}