{"title": "New coronavirus treatment helps the infected get better WITHIN DAYS - St. Lucia News Online", "url": " https://www.stlucianewsonline.com/new-coronavirus-treatment-helps-the-infected-get-better-within-days/", "content": "The authors wrote: \u2018This pilot study on [convalescent plasma] therapy shows a potential therapeutic effect and low risk in the treatment of severe COVID-19 patients. \u2018One dose of [convalescent plasma] with a high concentration of neutralizing antibodies can rapidly reduce the viral load and tends to improve clinical outcomes.", "color": "group2-red.jpg", "warning": "Based on the content, title, language and advertisements on this page, there is a risk that this page is not credible!"}