{"title": "What is Plasma Therapy? How is it going to help lead India's fightback against COVID-19?", "url": " https://www.freepressjournal.in/india/what-is-plasma-therapy-how-is-it-going-to-help-lead-indias-fightback-against-covid-19 ", "content": "Plasma from a patient who has recovered from COVID-19 is transfused into a COVID-19 patient. The point behind this experiment is that a healthy person's immunity can be transferred to a person via convalescent plasma who is suffering from the virus due to low immunity.", "color": "group2-red.jpg", "warning": "Based on the content, title and advertisements on this page, there is a risk that this page is not credible!"}