{"title": "Plasma therapy no treatment for Covid-19: Health Ministry | IndiLeak \u2014 Latest India Breaking News, Real Hard News, Scam News, Politics, Entertainment News", "url": "https://indileak.com/2020/04/plasma-therapy-no-treatment-for-covid-19-health-ministry/ ", "content": "In fact, there is no approved therapy for Covid-19 anywhere in the world. \u201dTill the ICMR concluded its study of the plasma therapy for Covid-19, it would be unethical and illegal to call it a treatment for the coronavirus infection, he said.", "color": "group2-yellow.jpg", "warning": ""}