{"title": "Currently Just an Experiment': Centre Says no Evidence Plasma Therapy Can Cure COVID-19 ", "url": " https://www.india.com/news/india/currently-just-an-experiment-centre-says-no-evidence-to-show-plasma-therapy-can-cure-covid-19-4013692/ ", "content": "Earlier this month, Kerala became the first state to use it for treatment of COVID-19 patients, after receiving permission from the ICMR in this regard. Later, Delhi, too started administering plasma therapy to coronavirus patients; this gave \u2018encouraging\u2019 results.", "color": "group2-yellow.jpg", "warning": ""}