{"title": "AIMIM chief shares details of 32 coronavirus cured patients willing to donate plasma | Hindustan Times", "url": " https://www.hindustantimes.com/andhra-pradesh/aimim-chief-shares-details-of-32-coronavirus-cured-patients-willing-to-donate-plasma/story-vZcAtddgiteNVT0plWJuFK.html ", "content": "Cautioning about the risks of using plasma therapy, ICMR further tweeted: \u201c#COVID19 convalescent plasma therapy comes with its own share of technical challenges, like antibody titer testing. There are also several risks of using this therapy including life-threatening allergic reactions and lung injury.", "color": "group2-red.jpg", "warning": "Based on the content, title, language and advertisements on this page, there is a risk that this page is not credible!"}